Business Name,Total Review Rating,Address,Phone Number,Website,Original URL
Texas Gym,4.6,"2324 Oates Dr, Dallas, TX 75228, United States",+1 214-328-8025,facebook.com,https://www.google.com/maps/place/Texas+Gym/data=!4m7!3m6!1s0x864ea15ada4413b7:0xfd6a08c5df71e44c!8m2!3d32.8208886!4d-96.6766345!16s%2Fg%2F1tfny_mz!19sChIJtxNE2lqhToYRTORx38UIav0?authuser=0&hl=en&g_ep=EgoyMDI2MDkyOC4wIJJjKgBIAVAD&rclk=1%22
Texas Iron Gym - Cold Plunge,5.0,"226 E Rhapsody Dr, San Antonio, TX 78216, United States",+1 210-291-9785,texasirongymsa.com,https://www.google.com/maps/place/Texas+Iron+Gym+-+Cold+Plunge/data=!4m7!3m6!1s0x865c63f0dfd675bd:0xe9d363fbd0470153!8m2!3d29.542139!4d-98.4926895!16s%2Fg%2F11h1kwm3wc!19sChIJvXXW3_BjXIYRUwFH0Ptj0-k?authuser=0&hl=en&g_ep=EgoyMDI2MDkyOC4wIJJjKgBIAVAD&rclk=1%22
Hidden Gym,4.9,"235 N Central Expy, Richardson, TX 75080, United States",+1 972-707-7397,hiddengym.net,https://www.google.com/maps/place/Hidden+Gym/data=!4m7!3m6!1s0x864c1f595232b89f:0x2c51ccf41b9fb071!8m2!3d32.953029!4d-96.734556!16s%2Fg%2F11kbz82vnl!19sChIJn7gyUlkfTIYRcbCfG_TMUSw?authuser=0&hl=en&g_ep=EgoyMDI2MDkyOC4wIJJjKgBIAVAD&rclk=1%22
...Destination Dallas Texas,5.0,"1300 N Central Expy Suit 300, Allen, TX 75013, United States",+1 469-552-2220,destinationdallastexas.com,https://www.google.com/maps/place/...Destination+Dallas+Texas/data=!4m7!3m6!1s0x864c19077e439a75:0x256a0b172e720a7f!8m2!3d33.118476!4d-96.667782!16s%2Fg%2F1pp2vcgjp!19sChIJdZpDfgcZTIYRfwpyLhcLaiU?authuser=0&hl=en&g_ep=EgoyMDI2MDkyOC4wIJJjKgBIAVAD&rclk=1%22
Quads Gym Texas,4.8,"1495 S Main St, Keller, TX 76248, United States",+1 817-781-7942,quads-gym-texas--quadsgymtx.replit.app,https://www.google.com/maps/place/Quads+Gym+Texas/data=!4m7!3m6!1s0x864dd784a0309ced:0x3937464956ab6e0e!8m2!3d32.9077368!4d-97.2553612!16s%2Fg%2F1260lj482!19sChIJ7ZwwoITXTYYRDm6rVklGNzk?authuser=0&hl=en&g_ep=EgoyMDI2MDkyOC4wIJJjKgBIAVAD&rclk=1%22
Texas Health Huguley Fitness Center,4.6,"11801 South Fwy, Burleson, TX 76028, United States",+1 817-568-3131,texashealthhuguley.org,https://www.google.com/maps/place/Texas+Health+Huguley+Fitness+Center/data=!4m7!3m6!1s0x864e692fcefcec83:0x7b55357b7fe54891!8m2!3d32.5845518!4d-97.3175352!16s%2Fg%2F1tfzblhs!19sChIJg-z8zi9pToYRkUjlf3s1VXs?authuser=0&hl=en&g_ep=EgoyMDI2MDkyOC4wIJJjKgBIAVAD&rclk=1%22
The Arc Gym,4.9,"10277 SH 30 Ste 402, College Station, TX 77845, United States",+1 979-485-1386,thearcgymbcs.com,https://www.google.com/maps/place/The+Arc+Gym/data=!4m7!3m6!1s0x864685ac0c48d9eb:0x28b1a16ec793454a!8m2!3d30.6526934!4d-96.2688222!16s%2Fg%2F11twj5h0lf!19sChIJ69lIDKyFRoYRSkWTx26hsSg?authuser=0&hl=en&g_ep=EgoyMDI2MDkyOC4wIJJjKgBIAVAD&rclk=1%22
The Edge Fitness Center,4.7,"518 S Saginaw Blvd, Saginaw, TX 76179, United States",+1 817-847-5456,theedgefitness.net,https://www.google.com/maps/place/The+Edge+Fitness+Center/data=!4m7!3m6!1s0x864e75fa1535840d:0x6e94af63105259e2!8m2!3d32.8545668!4d-97.3622959!16s%2Fg%2F1tjz3shj!19sChIJDYQ1Ffp1ToYR4llSEGOvlG4?authuser=0&hl=en&g_ep=EgoyMDI2MDkyOC4wIJJjKgBIAVAD&rclk=1%22
TX Fitness,4.4,"127 E US Hwy 80, Forney, TX 75126, United States",+1 972-564-0909,tx.fitness,https://www.google.com/maps/place/TX+Fitness/data=!4m7!3m6!1s0x864ead9643dbe925:0x6b2a297fb0541964!8m2!3d32.752814!4d-96.464788!16s%2Fg%2F11h56btyjd!19sChIJJenbQ5atToYRZBlUsH8pKms?authuser=0&hl=en&g_ep=EgoyMDI2MDkyOC4wIJJjKgBIAVAD&rclk=1%22
Texas FITT,4.6,"1300 S Bowen Rd, Arlington, TX 76013, United States",+1 817-214-3496,texasfitt.com,https://www.google.com/maps/place/Texas+FITT/data=!4m7!3m6!1s0x864e7ce8fcb2b04f:0x154a6e3574fc8bc3!8m2!3d32.7229739!4d-97.1495919!16s%2Fg%2F1hhh8rtk7!19sChIJT7Cy_Oh8ToYRw4v8dDVuShU?authuser=0&hl=en&g_ep=EgoyMDI2MDkyOC4wIJJjKgBIAVAD&rclk=1%22
Firehouse Fitness,4.8,"3518 S 7th St, Abilene, TX 79605, United States",+1 325-232-7500,firehouse.fitness,https://www.google.com/maps/place/Firehouse+Fitness/data=!4m7!3m6!1s0x86568e89dd549e57:0x66fa6687371fd01a!8m2!3d32.443904!4d-99.7685411!16s%2Fg%2F12hkt48ds!19sChIJV55U3YmOVoYRGtAfN4dm-mY?authuser=0&hl=en&g_ep=EgoyMDI2MDkyOC4wIJJjKgBIAVAD&rclk=1%22
Big Tex Gym,4.8,"1921 Cedar Bend Dr A 130, Austin, TX 78758, United States",+1 512-775-7838,bigtexgym.com,https://www.google.com/maps/place/Big+Tex+Gym/data=!4m7!3m6!1s0x8644cea7647591ad:0x10b5c17ca1c1b8b8!8m2!3d30.4075756!4d-97.6981419!16s%2Fg%2F1tdk0zq0!19sChIJrZF1ZKfORIYRuLjBoXzBtRA?authuser=0&hl=en&g_ep=EgoyMDI2MDkyOC4wIJJjKgBIAVAD&rclk=1%22
Epic Iron Gym,4.8,"2422 TX-214, Denver City, TX 79323, United States",+1 806-215-6678,m.facebook.com,https://www.google.com/maps/place/Epic+Iron+Gym/data=!4m7!3m6!1s0x86fcf8bd1cf91807:0x1214dbadecc8a910!8m2!3d33.03361!4d-102.8193093!16s%2Fg%2F11d_bcbhkg!19sChIJBxj5HL34_IYREKnI7K3bFBI?authuser=0&hl=en&g_ep=EgoyMDI2MDkyOC4wIJJjKgBIAVAD&rclk=1%22
Fitness Today,4.8,"1498 I-20, Cisco, TX 76437, United States",+1 817-212-3339,,https://www.google.com/maps/place/Fitness+Today/data=!4m7!3m6!1s0x8651399b6d14b235:0x1e9c9639f22058f6!8m2!3d32.3763165!4d-98.9972042!16s%2Fg%2F11gkrvt0ds!19sChIJNbIUbZs5UYYR9lgg8jmWnB4?authuser=0&hl=en&g_ep=EgoyMDI2MDkyOC4wIJJjKgBIAVAD&rclk=1%22
The Gym TX,5.0,"4112 Williams Dr #105, Georgetown, TX 78628, United States",+1 512-667-1687,thegym-tx.com,https://www.google.com/maps/place/The+Gym+TX/data=!4m7!3m6!1s0x86452b368b4f7a91:0x1cacf7bd9e4b099!8m2!3d30.6768082!4d-97.7085552!16s%2Fg%2F11vlg2dn28!19sChIJkXpPizYrRYYRmbDk2XvPygE?authuser=0&hl=en&g_ep=EgoyMDI2MDkyOC4wIJJjKgBIAVAD&rclk=1%22